{
  "train_loss_history": [
    4.323225657852558,
    3.2487071231146376,
    2.9247720225754055,
    2.7495252466848292,
    2.6405371758933396,
    2.5677128589886165,
    2.5099265999711093,
    2.471676087051266,
    2.4348925755547577,
    2.408017306144231,
    2.3902076876970386,
    2.3679122766632146,
    2.349612209200242,
    2.337462716901112,
    2.323907312560195,
    2.308516294670954,
    2.2965441441170746,
    2.2886405170913857,
    2.2832827371880766,
    2.270844808031476
  ],
  "test_loss_history": [
    3.5146447957584,
    3.039776924985873,
    2.8234143789135238,
    2.692401239475286,
    2.6026070052026924,
    2.536809831562609,
    2.495882787067687,
    2.4641417259180844,
    2.4245925801182047,
    2.4012656197747124,
    2.381518289335279,
    2.372385194928598,
    2.356281626112246,
    2.3339157151991663,
    2.318852951664246,
    2.316195142554131,
    2.305368774785307,
    2.3032463811152626,
    2.2845489101057552,
    2.2773550175952613
  ],
  "train_accuracy_history": [
    15.838754906098846,
    22.31682684766068,
    25.836927500513454,
    28.44736829338107,
    29.991121719766547,
    31.126053790411135,
    32.10476694110094,
    32.76053062683246,
    33.29985785048588,
    33.76010531031126,
    34.049417575113644,
    34.36298743618231,
    34.66184102218276,
    34.85687209616358,
    35.12920404357958,
    35.33426159068379,
    35.660930553736236,
    35.68745219232069,
    35.7346736463857,
    36.04937552861345
  ],
  "test_accuracy_history": [
    20.139389388445096,
    24.543701629731373,
    27.126593789738617,
    29.29478931222242,
    30.66830683777777,
    31.685238082660096,
    32.442936761592826,
    32.794240282552174,
    33.50816752385732,
    33.95757943949919,
    34.0704040933841,
    34.245489843894454,
    34.543965767717054,
    34.994509703297574,
    35.26770384849045,
    35.17336885360341,
    35.32883292517725,
    35.437884179266675,
    35.83597785769,
    35.99785670891617
  ],
  "epoch_times": [
    1090.7604138851166,
    1078.3073506355286,
    1071.054092168808,
    1073.768842458725,
    1075.7410297393799,
    1078.511547088623,
    1074.8033003807068,
    1072.2569043636322,
    1070.9628751277924,
    1066.024698972702,
    1069.919205904007,
    1077.5295536518097,
    1081.813155889511,
    1079.532253742218,
    1079.268758058548,
    1083.5090868473053,
    1081.1159977912903,
    1078.8462336063385,
    1078.808304309845,
    1077.7252814769745
  ],
  "hyperparameters": {
    "num_epochs": 20,
    "learning_rate": 0.0001,
    "batch_size": 64,
    "num_classes": 1950,
    "train_samples": 618363,
    "test_samples": 265013
  }
}