{
  "train_loss_history": [
    4.9766146145950705,
    4.018135479927261,
    3.6722762949149375,
    3.489500492656979,
    3.365275462377987,
    3.2688900368526053,
    3.190586016035504,
    3.1259203037350005,
    3.0723050638549054,
    3.0266094349650117,
    2.9844240832590363,
    2.94312204583736,
    2.910361493529555,
    2.8816634341812213,
    2.8540606843193874,
    2.827431180121316,
    2.799962325190886,
    2.7843814139977123,
    2.7654334216032974,
    2.7379040515859585
  ],
  "test_loss_history": [
    3.955513045339301,
    3.404280837910442,
    3.1761296324556043,
    3.0383679268009507,
    2.906324448547511,
    2.8617402002794736,
    2.7917088894589575,
    2.7488042896020186,
    2.693626463657933,
    2.6501869414918406,
    2.6188418313346316,
    2.5899522100431107,
    2.5476108551082968,
    2.5570033355716113,
    2.5063175109238247,
    2.515524027716621,
    2.4720801767074265,
    2.454593394839571,
    2.4348601629065594,
    2.4122789774042372
  ],
  "train_accuracy_history": [
    12.760465939909082,
    19.02636477279527,
    21.942127844001014,
    23.80672841033503,
    25.24617417277554,
    26.44045649561827,
    27.45749664840878,
    28.224360125039823,
    28.93090304562207,
    29.604940787207514,
    30.16787873789344,
    30.721113650072855,
    31.172951809859256,
    31.540696969255922,
    31.92574588065586,
    32.2930058881272,
    32.65589952827061,
    32.86548516001119,
    33.15997237868372,
    33.55569463244082
  ],
  "test_accuracy_history": [
    20.637100821469136,
    24.50294891194017,
    27.462049031556944,
    29.190266137887576,
    30.18493432397656,
    31.17658379022916,
    32.09465196046986,
    32.58934467365752,
    33.476470965575274,
    33.83758532600287,
    34.485855410866634,
    34.919796387347034,
    35.421281220166556,
    35.539765973744686,
    36.055212385807486,
    36.03521336689143,
    36.36500850901654,
    36.80536426514926,
    37.074030330587554,
    37.45476636995166
  ],
  "epoch_times": [
    1362.5092389583588,
    1364.8534336090088,
    1380.8886244297028,
    1360.53466963768,
    1253.9338371753693,
    1367.5679268836975,
    1371.6166536808014,
    1386.4793407917023,
    1411.7077116966248,
    1397.2143261432648,
    1392.1991322040558,
    1386.198938369751,
    1356.9662487506866,
    1375.0691120624542,
    1392.4762554168701,
    1372.8311004638672,
    1387.8836905956268,
    1397.971889257431,
    1403.5609755516052,
    1421.6008749008179
  ],
  "hyperparameters": {
    "num_epochs": 20,
    "learning_rate": 0.0001,
    "batch_size": 64,
    "num_classes": 1950,
    "train_samples": 618363,
    "test_samples": 265013
  }
}